,Features,Importance
4,thumbsup_count,0.2815101772801436
1,friend_count,0.24108136158122512
5,thumbsdown_count,0.1746692526102294
2,playlist_count,0.10657360481221367
3,song_count,0.09959760494199414
0,gender,0.07454509664633173
6,avg_daily_sessions,0.022022902127862308
